<!-- liblinks.xml

     Code Red Technologies "Smart update wizard" script file
     When executed on a particular application project, will
     add appropriate links to the specified library project.

     Note that this script assumes that the application project
     contains the standard 'Debug' and 'Release' build 
     configurations.
-->

<project name="" update="true">
	<setting id="all.compiler.inc">
		<value>${workspace_loc:/Lib-CMSIS/Source}</value>
        </setting>
	<setting id="linker.libs">
		<value>Lib-CMSIS</value>
	</setting>
	<setting id="linker.paths" buildType="Debug">
		<value>${workspace_loc:/Lib-CMSIS/Debug}</value>
	</setting>
	<setting id="linker.paths" buildType="Release">
		<value>${workspace_loc:/Lib-CMSIS/Release}</value>
	</setting>
	<requires msg="Library project `Lib-CMSIS` not found">
		<value>Lib-CMSIS</value>
	</requires>
</project>

